Formations,Goals scored,Goals conceded,Shots on target,Total shots,Possession,Passing accuracy,Offensive duels won,Penalties scored,Penalties missed,Number of corners,Number of counter attacks,Number of free kicks
442,3,2,4,14,47.8,81,17,0,0,6,0,1
4231,2,3,4,16,52.2,88,11,0,0,8,0,5
4231,2,0,6,28,68.1,88,11,0,0,12,1,9
451,0,2,2,8,31.9,72,6,0,0,2,0,1
442,1,1,4,13,45.1,66,16,1,0,9,0,6
4411,1,1,5,8,54.9,72,17,0,0,4,0,3
4231,2,1,11,30,67.7,87,4,0,0,12,0,12
4231,1,2,3,11,32.3,64,15,0,0,4,0,6
4231,2,0,6,17,58.2,84,15,0,0,3,0,4
352,0,2,0,10,41.8,68,20,0,0,4,0,2
4231,0,3,2,12,54.4,81,10,0,0,6,0,4
4231,3,0,5,11,45.6,72,15,0,0,8,0,2
4231,1,1,4,10,39.5,74,19,0,0,2,0,1
4231,1,1,4,16,60.5,85,16,1,0,5,0,3
433,0,1,1,17,64.8,87,12,0,0,10,0,2
442,1,0,5,13,35.2,75,7,0,0,2,1,0
4231,1,0,4,13,46.2,81,12,1,0,3,0,2
4231,0,1,3,9,53.8,82,18,0,0,4,0,3
4231,1,2,6,17,61.1,81,17,0,0,13,0,6
442,2,1,4,9,38.9,71,20,0,0,2,1,0
442,1,1,5,12,49,66,16,0,1,6,0,2
442,1,1,3,11,51,63,27,0,0,9,0,3
442,2,0,8,22,47,74,19,0,0,3,0,3
451,0,2,0,10,53,71,16,0,0,6,0,7
4231,1,1,4,13,49,73,31,0,0,4,0,2
451,1,1,8,18,51,79,10,0,0,3,0,6
433,0,1,1,7,56,69,15,0,0,6,0,1
352,1,0,2,9,44,56,25,0,0,6,0,5
4231,3,2,5,14,42,71,16,0,0,5,0,2
352,2,3,5,16,58,78,14,0,0,5,0,4
541,0,1,3,12,50.6,77,18,0,0,5,0,5
442,1,0,6,9,49.4,77,13,0,0,8,0,3
4231,0,0,3,10,50.5,76,21,0,0,10,0,0
4231,0,0,3,6,49.5,65,23,0,0,6,0,4
4231,2,0,5,17,70.5,84,23,0,0,7,0,2
4231,0,2,2,7,29.5,58,22,0,0,5,0,1
4231,3,0,8,18,40.2,70,13,1,0,9,1,8
433,0,3,3,5,59.8,82,11,0,0,9,0,2
451,1,1,3,12,30,72,22,0,0,6,4,0
442,1,1,5,14,70,86,10,0,0,8,4,1
4231,2,0,5,14,45.8,81,8,0,0,6,2,3
442,0,2,3,13,54.2,85,9,0,0,8,0,7
442,3,0,7,20,58.3,83,10,0,0,9,1,6
4231,0,3,1,9,41.7,73,18,0,0,2,0,2
433,4,0,6,13,64.1,90,4,0,1,1,0,3
4231,0,4,0,3,35.9,81,10,0,0,2,0,1
4231,1,0,4,11,45,70,18,0,0,1,0,1
442,0,1,9,13,55,80,29,0,0,10,0,3
4231,2,0,4,8,39.4,70,17,0,0,5,1,4
4231,0,2,3,14,60.6,78,10,0,0,4,0,3
352,0,0,0,1,45.4,75,12,0,0,1,0,0
41212,0,0,1,6,54.6,75,22,0,1,1,0,2
352,1,0,7,19,67.1,87,13,0,0,5,1,6
541,0,1,3,8,32.9,69,24,0,0,3,1,4
352,3,0,5,13,40.7,84,10,1,0,5,0,4
433,0,3,4,8,59.3,91,3,0,0,3,0,3
442,1,2,2,8,49,86,4,0,0,4,1,2
4231,2,1,3,10,51,88,6,0,0,2,0,2
4231,3,0,8,18,61.4,88,10,0,0,12,2,1
433,0,3,1,15,38.6,79,11,0,0,9,1,4
4231,2,5,8,19,70.7,82,8,1,0,11,0,4
442,5,2,6,12,29.3,64,13,0,0,5,1,2
4231,2,0,6,19,48.9,75,13,0,0,7,5,4
4231,0,2,4,15,51.1,79,13,0,0,1,1,0
4231,3,0,8,15,55.7,87,16,0,0,3,2,0
4411,0,3,4,12,44.3,82,18,0,0,7,0,4
433,2,0,2,19,53.9,76,28,1,0,3,1,7
352,0,2,2,12,46.1,70,21,0,0,4,0,3
433,3,1,5,17,54,89,19,0,0,9,0,6
352,1,3,4,13,46,86,5,0,0,4,1,4
442,2,0,8,18,44.9,71,29,1,1,9,0,7
343,0,2,1,10,55.1,77,18,0,0,4,0,3
4231,1,3,3,22,59.5,83,19,0,0,4,0,4
433,3,1,3,8,40.5,74,26,0,0,4,2,0
451,1,0,3,8,43.7,74,17,0,0,6,1,0
352,0,1,1,10,56.3,81,19,0,0,4,0,2
433,2,1,3,9,45,76,13,0,0,2,0,1
4231,1,2,4,16,55,84,12,1,0,6,0,4
4231,1,1,5,16,70,89,16,0,0,13,0,1
442,1,1,2,8,30,69,16,0,0,8,1,5
4231,1,0,7,16,48.2,74,17,0,0,5,0,3
433,0,1,1,11,51.8,75,24,0,0,6,0,2
442,6,0,11,32,68,92,5,0,0,8,2,7
433,0,6,1,3,32,77,20,0,0,4,0,0
433,4,0,9,19,78,90,10,1,0,11,1,4
4231,0,4,2,10,22,64,13,0,0,2,0,4
4231,2,0,4,21,59.3,88,4,0,0,7,0,4
4231,0,2,1,6,40.7,75,10,0,0,2,0,1
352,1,0,4,20,38,72,16,0,0,3,4,3
352,0,1,3,13,62,84,8,0,0,9,0,1
433,4,0,8,15,56,83,17,0,0,8,1,6
4231,0,0,1,10,44,76,18,0,0,5,0,7
4231,1,1,5,8,40.2,69,28,0,1,4,0,4
41212,1,1,4,9,59.8,81,6,0,0,3,0,2
442,4,1,8,25,49,80,24,1,0,6,1,3
433,1,4,1,9,51,80,10,0,0,7,0,2
352,0,2,2,10,44.3,74,28,0,0,1,0,3
4231,2,0,5,14,55.7,81,18,0,0,7,0,5
4231,0,2,7,19,63,84,26,0,0,8,0,5
4231,2,0,3,10,37,68,30,0,0,7,0,1
442,2,0,4,10,68.4,87,12,0,0,5,0,2
442,0,2,2,14,31.6,74,26,0,1,11,0,6
4231,2,0,5,23,62.4,85,16,0,0,10,0,4
442,0,2,2,11,37.6,75,13,0,0,5,0,0
4231,1,4,5,17,58.9,85,11,0,0,10,1,5
433,4,1,6,10,41.1,75,15,1,0,6,1,5
4231,1,0,5,18,61.6,83,22,0,0,4,2,3
4411,0,1,2,4,38.4,73,18,0,0,4,0,1
4231,2,0,5,16,38.6,83,15,0,0,3,1,6
4231,0,2,2,13,61.4,86,9,0,0,5,0,2
4231,6,1,7,15,62.2,82,20,1,0,8,0,6
4231,1,6,2,9,37.8,72,15,0,0,6,0,3
433,2,1,8,21,45.5,79,16,0,0,4,1,4
4231,1,2,2,11,54.5,81,12,0,0,2,0,3
442,0,0,2,6,31,68,21,0,0,7,1,2
433,0,0,2,9,69,86,20,0,0,6,0,3
4231,1,1,3,10,51,66,22,0,0,8,0,3
4231,1,1,3,10,49,73,12,0,0,5,0,2
532,0,3,5,19,47.2,80,18,0,0,6,0,8
433,3,0,5,9,52.8,82,26,1,0,6,0,1
352,0,0,7,12,51.5,85,20,0,0,1,1,4
451,0,0,2,2,48.5,83,12,0,0,3,0,0
532,1,2,2,6,26.9,65,15,0,0,1,0,1
433,2,1,8,19,73.1,88,6,0,0,6,0,5
41212,2,0,4,18,58.9,84,17,0,0,1,0,6
433,0,2,2,10,41.1,77,26,0,0,7,2,5
442,0,0,3,12,41.9,67,30,0,0,5,0,3
4231,0,0,4,9,58.1,79,17,0,0,4,0,2
4411,0,1,3,11,49,77,17,0,0,5,0,4
352,1,0,2,12,51,77,19,0,1,1,0,4
4231,3,2,3,8,47.4,83,16,0,0,4,0,0
4231,2,3,3,17,52.6,86,7,0,0,4,2,2
433,0,0,4,19,52.4,77,15,0,1,5,0,1
4231,0,0,0,6,47.6,75,13,0,1,1,0,0
442,6,0,8,19,54,76,15,0,0,3,1,3
442,0,6,1,5,46,72,9,0,0,1,0,0
352,1,0,5,17,64,77,16,0,0,5,0,2
442,0,1,3,10,36,64,28,0,0,5,0,0
442,1,0,3,14,47,73,26,0,0,4,0,3
4231,0,1,3,10,53,72,23,0,0,5,0,2
442,1,1,8,17,49,73,20,0,0,6,0,3
4231,1,1,4,13,51,74,7,0,0,3,0,2
352,0,1,5,19,57,79,21,0,0,6,0,3
352,1,0,1,15,43,66,35,0,0,3,1,7
4231,3,0,10,22,45,80,13,0,0,4,0,3
4411,0,3,5,14,55,83,4,0,0,8,0,4
442,1,2,2,15,55,72,22,0,0,6,0,4
4231,2,1,9,19,45,66,19,0,0,3,0,3
451,1,3,4,16,53,74,30,0,0,5,1,1
4231,3,1,6,11,47,70,18,0,0,4,0,2
433,1,0,7,17,58,79,11,0,0,8,0,2
4231,0,1,1,6,42,79,18,0,0,6,0,1
451,0,2,5,16,57,69,43,0,0,8,0,9
451,2,0,3,8,43,66,16,0,0,3,0,2
4231,0,2,5,13,54.4,80,17,0,0,5,0,3
442,2,0,6,14,45.6,73,18,0,0,6,2,6
4231,3,5,4,13,51,79,29,0,0,11,0,2
433,5,3,9,13,49,78,11,0,0,2,2,2
4231,0,1,6,15,50.3,65,25,0,0,12,0,7
4231,1,0,5,14,49.7,69,22,0,0,7,1,7
433,1,2,8,22,53.7,82,24,0,0,8,0,5
4231,2,1,3,7,46.3,79,11,0,0,3,0,0
451,0,1,1,11,31.8,63,25,0,0,3,1,3
433,1,0,8,23,68.2,82,18,0,0,8,1,7
4231,1,0,5,8,31.6,58,25,0,0,4,0,2
4231,0,1,5,21,68.4,81,28,0,0,7,0,5
352,0,0,5,6,43.4,82,13,0,0,7,2,0
4231,0,0,2,15,56.6,91,5,0,0,5,0,2
4411,2,1,8,17,49.4,71,25,0,0,8,1,4
433,1,2,4,12,50.6,71,20,0,0,10,1,1
41212,1,4,3,8,39,76,18,0,0,4,0,2
352,4,1,9,15,61,86,17,0,0,4,0,0
433,0,3,1,10,47.5,78,22,0,0,4,1,0
4231,3,0,8,15,52.5,78,15,0,0,3,3,0
433,4,0,9,22,65.7,90,7,0,0,4,0,0
352,0,4,0,0,34.3,79,10,0,0,1,0,0
433,4,3,8,12,42.4,78,15,0,0,4,1,2
4231,3,4,7,16,57.6,82,19,0,0,3,1,0
442,1,0,4,10,45,73,21,0,0,8,1,1
442,0,1,3,11,55,74,7,0,0,8,0,1
4231,1,2,6,14,48.4,72,20,0,0,10,0,7
433,2,1,4,9,51.6,79,14,0,0,2,0,0
41212,1,2,5,18,62.6,83,15,0,0,5,0,4
451,2,1,4,9,37.8,68,17,0,0,2,1,2
352,1,2,5,11,36,75,27,0,0,3,0,2
4231,2,1,4,8,64,87,10,0,0,5,0,1
442,5,1,11,22,54,82,20,0,0,8,1,4
4231,1,5,4,8,46,78,10,0,0,6,0,4
4231,3,0,6,20,54.6,84,15,1,0,5,1,7
343,0,3,1,4,45.5,70,18,0,1,6,0,2
343,1,1,5,10,70.3,90,13,0,0,6,1,4
352,1,1,1,9,29.7,71,5,0,0,3,3,1
442,2,0,6,15,34,71,18,0,0,11,1,3
4231,0,2,5,17,66,84,13,0,0,7,1,1
442,5,0,6,16,64,88,8,0,0,3,1,3
451,0,5,2,9,36,80,20,0,0,5,0,3
4231,0,2,4,14,54,82,12,0,0,6,0,5
4231,2,0,4,9,46,80,10,0,0,5,0,2
4231,0,2,3,8,32,79,3,0,0,4,0,1
433,2,0,5,18,68,92,5,0,0,5,0,6
4231,0,0,6,17,49.1,81,13,0,0,5,0,3
4231,0,0,4,11,50.9,78,16,0,0,5,0,5
4231,2,0,5,11,47.8,78,18,0,0,2,0,1
41212,0,2,3,12,52.2,76,13,0,0,7,0,5
433,3,1,11,18,42,86,9,1,0,6,0,1
433,1,3,5,8,48,80,13,0,0,0,0,1
451,2,2,5,10,36.5,68,30,0,0,4,0,5
433,2,2,8,17,63.5,83,15,0,0,7,1,3
4231,2,0,8,22,58.7,91,10,0,0,4,0,6
4231,0,2,2,8,41.3,84,13,0,0,4,0,3
4231,1,3,3,12,48.3,69,31,0,0,4,0,4
4231,3,1,8,19,51.7,78,15,0,0,3,0,1
4411,1,0,6,12,43.7,69,28,0,0,4,1,1
4231,0,1,2,17,56.3,75,37,0,0,3,0,3
442,4,2,9,24,62.2,87,11,0,0,10,3,5
451,2,4,6,7,37.8,80,15,0,0,7,0,2
442,1,0,10,25,56.2,76,20,0,0,10,0,13
352,0,1,7,10,43.8,69,25,0,0,8,0,4
442,2,2,6,14,55.8,82,11,1,0,2,0,3
433,2,2,3,12,44.2,65,31,0,0,3,1,4
442,0,5,1,7,37.7,70,15,0,0,0,0,1
433,5,0,11,21,62.3,81,10,0,0,7,1,5
4231,2,0,10,15,55.8,76,25,1,0,7,1,2
4231,0,2,1,7,44.2,72,11,0,0,1,1,1
433,0,0,3,17,62.4,86,24,0,0,7,0,3
4231,0,0,0,8,37.6,76,25,0,0,0,1,3
442,1,0,3,8,43.9,74,21,0,0,3,0,2
451,0,1,2,12,56.1,76,29,0,0,8,0,4
4231,3,0,10,22,69,90,9,0,0,8,0,5
541,0,3,0,4,31,79,14,0,0,0,0,2
352,4,2,5,17,49.4,83,17,1,0,3,2,5
4231,2,4,5,17,50.6,86,14,0,0,10,0,11
4231,1,0,5,11,43.6,70,21,0,0,4,4,4
451,0,1,4,14,56.4,70,23,0,0,5,0,4
433,0,0,4,13,60.2,79,16,0,0,9,1,5
4231,0,0,6,11,39.8,66,23,0,0,4,0,0
442,2,0,3,10,46.4,72,16,0,0,2,0,3
442,0,2,3,15,53.6,77,10,0,0,5,0,1
433,2,0,5,13,47,82,7,0,0,5,0,4
532,0,2,3,15,53,81,17,0,0,2,0,2
433,0,2,0,6,56.1,78,14,0,0,1,0,1
4231,2,0,4,12,43.9,79,20,0,0,4,0,1
442,0,1,4,14,46,67,18,0,0,4,0,5
442,1,0,1,10,54,69,32,0,0,4,0,2
433,1,0,2,8,51,72,9,0,0,3,0,3
4231,0,1,2,10,49,74,23,0,0,3,0,1
442,1,0,6,13,46,73,15,0,0,1,0,1
451,0,1,2,7,54,67,35,0,0,3,0,4
4411,2,0,5,12,47,64,18,1,0,3,0,5
451,0,2,4,10,53,69,40,0,0,2,0,3
442,7,1,8,17,48,66,20,1,0,7,2,4
4231,1,7,2,9,52,72,27,0,0,7,0,3
4231,0,2,7,24,66,79,24,0,0,11,0,5
442,2,0,4,15,34,63,20,0,0,4,0,1
4231,2,1,6,19,53,74,20,0,0,13,0,7
352,1,2,6,15,47,71,9,0,0,3,0,5
451,4,1,9,20,55,80,7,0,0,4,0,3
451,1,4,5,16,45,78,15,0,0,8,0,8
4411,1,1,6,20,66.9,83,5,1,1,8,1,3
352,1,1,2,8,33.1,66,13,0,0,5,0,2
442,1,1,7,24,53,63,20,0,0,10,0,8
442,1,1,3,9,47,58,13,0,0,2,0,3
4231,1,0,3,12,46,60,35,0,0,3,0,2
442,0,1,3,12,54,53,44,0,0,7,1,6
4231,3,0,5,10,48,67,16,1,0,7,0,1
433,0,3,1,9,52,70,11,0,0,7,0,2
433,3,0,6,16,51,85,11,0,0,4,0,3
433,0,3,1,6,49,81,19,0,0,4,0,3
451,1,1,3,13,53,86,7,1,0,4,0,1
433,1,1,5,16,47,87,5,0,0,9,1,3
433,1,2,3,13,35,72,20,0,0,4,0,5
433,2,1,5,10,65,88,9,0,1,4,0,4
433,2,2,7,15,51,81,12,1,0,3,1,1
4231,2,2,4,10,49,77,5,0,0,5,0,3
4231,1,3,3,13,56.2,85,7,0,0,8,0,4
4231,3,1,5,11,43.8,83,15,0,0,2,1,0
4231,3,1,6,13,43.9,77,12,0,0,5,0,4
4231,1,3,4,10,56.1,83,17,0,0,4,0,1
4231,2,2,5,16,49.4,72,19,0,0,9,0,4
4231,2,2,6,9,50.6,74,24,0,0,3,1,2
442,2,0,6,12,53.2,78,17,1,0,9,0,1
433,0,2,5,13,46.8,69,29,0,0,7,0,4
442,1,1,4,7,26,63,17,0,0,2,1,3
433,1,1,6,17,74,87,14,0,0,8,0,2
442,1,1,2,16,60.4,80,28,0,0,8,1,6
4231,1,1,3,10,39.6,69,21,1,0,3,0,4
352,2,3,3,10,43.6,74,20,1,0,3,1,1
343,3,2,5,20,56.4,88,12,1,0,2,1,0
4411,1,0,5,12,46.9,75,26,0,0,4,2,3
41212,0,1,1,16,53.1,78,26,0,0,5,0,4
352,1,2,2,9,38.8,76,22,0,0,3,1,3
433,2,1,4,10,61.2,84,14,0,1,1,0,1
352,2,2,2,10,35.7,72,13,0,0,5,0,1
4231,2,2,4,11,64.3,84,15,1,0,5,1,3
433,0,2,2,14,51.3,71,21,0,0,10,0,3
352,2,0,5,6,48.7,70,7,0,0,4,1,0
433,0,3,3,9,34.2,78,9,0,0,3,0,3
433,3,0,4,13,65.8,88,14,0,0,3,0,2
442,1,0,6,14,42.1,70,11,0,0,11,1,5
352,0,1,5,11,57.9,70,16,0,0,5,0,2
4231,1,0,7,25,69.9,88,14,1,0,5,0,3
433,0,1,3,13,30.1,68,22,0,0,10,0,5
433,0,2,3,11,47.6,77,16,0,0,3,0,4
41212,2,0,7,14,52.4,80,11,0,0,5,1,4
352,0,2,4,12,54.7,79,14,0,0,6,0,1
41212,2,0,6,14,45.3,70,7,0,0,6,1,5
433,5,0,10,16,72.2,92,9,1,0,4,0,2
4231,0,5,0,5,27.8,77,12,0,0,3,0,0
433,3,1,9,13,47,70,13,0,1,8,1,7
433,1,3,5,16,53,70,18,1,0,6,0,6
433,2,0,5,18,54,78,18,0,0,5,0,6
433,0,2,1,6,46,76,17,0,0,2,0,3
433,2,5,3,5,48,79,9,0,0,5,0,3
433,5,2,14,30,52,85,12,0,0,9,1,4
433,1,0,3,9,56,80,19,0,0,3,1,0
433,0,1,4,15,44,80,18,0,0,3,1,1
442,1,1,6,14,50.1,81,18,0,0,4,0,3
4231,1,1,4,13,49.9,77,26,0,0,2,0,4
4231,4,2,14,23,69.4,86,24,0,0,11,0,7
433,2,4,4,7,30.6,71,14,0,0,0,1,0
4231,0,3,3,12,47,80,24,0,0,5,0,4
442,3,0,6,12,53,81,19,0,0,5,0,3
4231,2,1,6,19,45,81,13,0,1,7,2,6
451,1,2,1,18,55,79,20,0,1,12,0,7
451,1,4,2,8,30,64,16,0,0,1,2,5
433,4,1,8,21,70,91,10,0,0,15,0,5
4231,1,2,5,8,59,88,11,0,0,1,0,1
352,2,1,6,19,41,76,20,1,0,7,4,3
4231,1,2,8,19,67,89,16,0,0,9,0,3
4231,2,1,4,7,33,74,20,0,0,3,0,3
4231,1,0,5,12,49,69,17,0,0,9,0,3
4231,0,1,1,8,51,76,17,0,0,4,0,1
433,4,2,5,10,51.8,75,14,0,0,2,0,1
4231,2,4,5,13,48.2,71,13,0,0,4,2,6
442,0,2,5,10,36.2,79,23,0,0,5,1,4
451,2,0,13,24,63.8,88,34,1,0,5,0,5
433,1,1,10,21,63.3,83,23,0,0,11,1,7
433,1,1,3,9,36.7,74,20,0,0,0,0,1
433,2,1,8,22,50,82,11,0,0,8,0,3
4231,1,2,3,14,50,73,17,0,0,4,0,2
433,2,0,8,23,56,89,8,0,0,4,1,5
433,0,2,2,8,44,85,18,0,0,1,0,0
4231,1,0,2,8,48,63,22,0,0,8,1,4
442,0,1,2,4,52,66,18,0,0,2,0,2
4411,2,2,5,15,65.8,79,27,0,0,10,1,4
442,2,2,2,9,34.2,63,27,1,0,4,2,1
442,2,3,10,28,72.2,82,24,0,0,7,0,3
4231,3,2,5,6,27.8,51,33,1,0,3,0,3
4231,1,1,4,23,66.1,86,19,0,0,11,1,7
352,1,1,1,3,33.9,70,33,0,0,2,0,0
343,1,1,3,11,42.6,79,9,1,0,0,3,2
352,1,1,3,11,57.4,84,16,0,0,7,1,2
4231,3,2,5,13,43.3,77,28,0,0,4,1,6
433,2,3,8,15,56.7,81,21,0,0,8,2,4
442,1,2,5,14,50.1,75,49,0,0,5,1,4
41212,2,1,4,10,49.9,81,51,0,0,3,1,3
4231,2,2,4,18,50.9,79,37,0,0,5,2,10
4231,2,2,1,6,49.1,76,37,0,0,1,0,3
4231,1,3,8,25,66.9,85,28,0,0,7,0,8
442,3,1,6,10,33.1,66,28,0,0,3,2,3
451,4,0,7,16,48.5,70,17,0,0,3,1,3
4231,0,4,4,12,51.5,71,29,0,0,3,1,2
442,1,0,1,5,43.4,69,34,0,0,1,1,2
4231,0,1,2,7,56.6,79,39,0,0,2,0,2
442,1,1,3,10,23.9,67,16,0,0,6,1,2
433,1,1,5,14,76.1,91,8,0,0,7,0,5
4231,1,1,4,14,48.2,76,8,0,0,4,0,1
442,1,1,4,15,51.8,76,15,0,0,11,1,4
532,1,1,4,6,46.8,66,35,0,0,2,0,3
433,1,1,3,10,53.2,70,16,0,0,5,1,3
4231,0,0,4,14,41.1,70,24,0,0,4,0,8
433,0,0,1,11,58.9,84,14,0,0,2,0,4
4231,3,1,11,23,49.1,75,24,0,0,6,1,3
4231,1,3,1,4,50.9,72,11,0,0,2,0,0
442,2,0,4,13,59,72,28,0,1,7,0,3
4231,0,2,1,9,41,59,21,0,0,3,0,3
442,1,1,5,20,53,63,25,0,0,7,0,6
442,1,1,4,9,47,61,21,0,0,3,0,2
442,1,1,5,16,37.9,71,29,0,0,2,0,7
433,1,1,3,17,62.1,80,15,0,0,6,0,2
442,2,0,6,13,50,66,37,0,0,4,1,3
442,0,2,3,14,50,61,41,0,0,7,1,3
433,3,2,4,10,34,67,11,0,0,4,0,6
433,2,3,5,17,66,85,19,0,0,10,0,2
433,1,2,2,11,44,64,14,0,0,7,0,3
433,2,1,7,12,56,71,34,1,0,9,0,3
4231,1,0,3,5,38,75,11,0,0,3,2,1
433,0,1,1,11,62,86,10,0,0,8,0,2
433,1,0,6,19,51,80,6,0,0,5,0,4
433,0,1,8,17,49,77,14,0,0,4,0,4
4231,1,0,4,7,45.5,66,18,0,0,10,2,2
4231,0,1,5,16,54.5,71,23,0,0,12,1,7
4231,1,5,2,11,47.4,73,26,0,0,1,0,3
451,5,1,9,19,52.6,73,32,0,0,8,0,4
4231,2,4,6,13,58.5,80,25,0,1,8,0,1
442,4,2,6,15,41.5,71,23,0,0,9,2,2
433,3,0,10,23,71.1,90,7,0,0,15,0,9
4231,0,3,2,4,28.9,75,8,0,0,2,0,2
433,1,3,3,6,40.1,76,17,0,0,4,0,2
433,3,1,5,19,59.5,85,15,1,0,6,1,4
41212,1,2,1,7,46,75,6,0,0,4,0,1
4231,2,1,8,21,54,84,9,0,0,9,0,7
352,1,0,4,18,47.3,83,13,1,1,10,1,3
4411,0,1,2,12,52.7,88,19,0,0,3,0,2
4231,1,1,5,15,57.1,82,25,0,0,6,1,3
352,1,1,5,17,42.9,72,31,1,0,5,1,6
352,1,0,5,12,55.3,81,18,0,0,8,2,1
343,0,1,2,7,44.7,78,10,0,0,5,1,1
343,0,0,3,13,59.3,80,25,0,0,14,1,6
532,0,0,0,5,40.7,69,27,0,0,4,0,1
352,3,1,3,10,43.9,71,28,0,0,4,2,3
433,1,3,3,12,56.1,79,26,1,0,5,0,4
433,3,3,4,18,58.6,87,14,0,0,8,0,4
451,3,3,3,10,41.4,82,22,1,0,2,0,1
4231,0,0,3,12,49.4,74,31,0,0,6,0,5
451,0,0,2,7,50.6,71,33,0,0,3,0,1
4231,0,3,3,12,52.9,81,38,0,0,3,0,4
4231,3,0,9,12,47.1,79,24,0,0,3,2,1
41212,3,0,5,12,63.9,88,14,0,0,3,1,4
442,0,3,2,9,36.1,76,20,0,0,2,0,4
451,2,0,3,6,50.3,75,16,0,0,7,0,4
4231,0,2,2,5,49.7,78,20,0,0,6,0,4
41212,2,0,7,16,51,82,22,0,0,3,0,1
41212,0,2,8,12,49,80,13,0,0,5,0,2
433,3,1,5,11,53,75,17,0,0,2,1,6
4231,1,3,2,11,47,69,9,0,0,9,0,4
433,1,1,3,20,68,85,23,0,0,10,0,4
433,1,1,5,12,32,68,23,0,0,8,1,4
433,0,1,1,5,38,64,19,0,0,4,0,1
433,1,0,3,16,62,84,19,0,0,7,0,5
4231,1,0,5,19,52.1,86,42,0,0,7,0,3
4231,0,1,1,12,47.9,81,58,0,0,2,0,2
4231,4,0,5,7,42.4,75,10,0,0,4,1,2
4231,0,4,6,18,57.6,83,19,0,0,6,0,4
4231,2,2,5,13,52.6,85,11,0,0,7,0,5
4231,2,2,4,7,47.4,80,15,0,0,15,1,3
442,0,0,2,9,46.2,65,17,0,0,7,0,1
4231,0,0,3,21,53.8,75,21,0,0,7,2,7
4411,2,0,5,17,46.2,88,7,0,0,5,0,4
451,0,2,1,7,53.8,88,13,0,0,5,0,1
4231,2,0,7,14,61.9,87,16,0,0,5,0,3
4231,0,2,4,15,38.1,79,21,0,0,8,1,8
433,4,0,9,20,39.1,78,7,0,0,5,3,3
4231,0,4,4,19,60.9,84,15,0,0,8,0,4
442,1,0,3,13,37.5,65,30,0,0,8,0,6
352,0,1,4,13,62.5,81,30,0,0,3,0,2
442,2,1,3,13,60,81,11,0,0,10,0,4
4231,1,2,3,14,40,71,10,0,0,5,0,0
433,3,2,7,36,63,82,14,0,0,5,0,5
442,2,3,4,8,37,59,27,0,0,3,0,0
442,0,0,3,11,45,61,13,0,0,4,0,3
352,0,0,3,11,55,71,11,0,0,5,0,3
4231,0,0,6,14,54,69,27,0,0,9,0,7
433,0,0,5,11,46,72,10,0,0,2,0,2
41212,2,2,4,14,42.6,72,26,1,0,6,0,3
442,2,2,6,20,57.4,79,30,0,0,6,0,3
442,3,0,7,20,65,81,21,1,0,7,0,4
442,0,3,0,4,35,57,19,0,0,1,0,0
442,1,2,3,8,42,66,23,0,0,4,0,4
442,2,1,6,21,58,77,25,0,0,13,0,10
442,1,1,3,8,54,67,20,1,0,6,0,3
442,1,1,4,10,46,64,29,0,0,6,0,4
4411,2,1,7,13,56,77,9,1,0,6,0,3
352,1,2,5,12,44,65,24,0,0,4,0,3
4231,1,1,7,15,44,61,31,0,0,7,0,2
343,1,1,2,10,56,61,19,0,0,4,1,3
442,5,1,8,17,46,69,24,0,0,8,1,3
41212,1,5,2,8,54,77,30,0,0,5,0,3
4231,1,5,2,4,34.2,76,12,0,0,3,0,2
442,5,1,10,24,65.8,88,12,1,0,5,0,7
433,1,0,6,16,47.8,80,13,0,0,3,0,3
4231,0,1,5,14,52.2,80,25,0,0,3,0,5
4231,0,0,9,39,72.4,88,13,0,0,13,0,3
4231,0,0,1,1,27.6,65,29,0,0,3,0,1
4411,4,3,6,10,43.7,70,18,1,0,3,0,1
442,3,4,4,12,56.3,80,8,0,0,3,0,6
442,1,2,3,11,26.7,59,35,0,0,2,0,0
451,2,1,7,24,73.3,87,31,0,0,8,0,5
4231,2,1,3,12,51.4,86,14,0,0,3,1,2
442,1,2,3,8,48.6,80,14,0,0,9,0,1
451,1,2,8,23,67,84,16,0,0,4,0,4
4231,2,1,5,9,33,58,17,0,0,3,1,4
433,5,1,10,20,72,91,9,0,0,8,0,7
442,1,5,0,2,28,70,9,0,0,1,0,1
4231,1,0,3,16,59,82,12,0,0,11,0,5
343,0,1,0,3,41,72,25,0,0,3,0,1
4411,4,2,10,18,67.8,85,16,0,0,9,0,7
343,2,4,3,16,32.2,76,7,0,0,8,0,4
433,1,2,3,16,49.1,78,22,0,0,9,2,6
433,2,1,3,10,50.9,77,9,0,0,4,0,2
442,1,2,5,16,44.6,62,36,0,0,7,0,6
4231,2,1,6,20,55.4,73,38,0,0,8,4,8
433,2,0,4,21,69.5,89,10,0,0,8,0,6
4411,0,2,3,4,30.5,79,14,0,0,2,0,0
433,1,1,2,13,42,81,17,0,0,6,0,1
433,1,1,5,13,58,85,11,0,0,1,2,1
4231,0,3,9,10,51,76,23,0,0,7,0,9
451,3,0,8,5,49,72,21,1,0,3,3,5
4231,2,0,4,11,34.9,70,15,0,0,8,0,4
4231,0,2,0,20,65.1,85,17,0,0,11,2,4
433,0,3,4,8,39.1,66,14,0,0,4,0,2
4231,3,0,5,17,60.9,80,20,0,0,5,1,3
4231,2,1,6,13,71.3,85,11,0,0,13,0,5
532,1,2,1,4,28.7,57,18,0,0,1,0,1
442,1,1,4,9,38.4,64,35,0,0,4,0,2
442,1,1,3,19,61.6,76,14,0,0,10,0,7
4231,2,1,4,13,37.7,67,20,0,0,7,1,4
4231,1,2,4,19,62.3,78,16,0,0,10,0,7
451,2,1,4,13,49.2,76,20,0,0,7,0,4
442,1,2,6,27,50.8,73,22,0,0,14,0,7
433,2,3,5,20,64.8,90,11,1,0,9,3,4
4231,3,2,4,8,35.2,78,16,0,0,5,0,4
4231,0,0,2,11,42.3,58,39,0,0,6,0,2
4231,0,0,5,16,57.7,74,21,0,0,6,1,5
4231,0,0,1,7,48.7,67,28,0,0,2,0,2
433,0,0,2,10,51.3,71,15,0,0,9,1,2
4231,3,2,7,14,51.9,71,17,1,0,3,0,1
451,2,3,4,11,48.1,67,16,0,0,5,0,2
41212,1,0,6,13,38,71,16,1,0,2,0,1
4231,0,1,3,14,62,83,7,0,0,7,0,5
352,0,2,1,16,58.5,75,35,0,0,5,0,8
352,2,0,3,6,41.5,67,25,1,0,5,3,0
4231,1,1,6,23,62.1,88,8,0,0,13,0,3
352,1,1,2,6,37.9,77,11,0,0,3,1,2
4231,2,0,5,13,52.1,79,38,0,0,5,0,5
442,0,2,1,6,47.9,74,23,0,0,5,0,4
4231,2,1,6,13,48.6,77,35,0,0,4,0,4
4231,1,2,6,10,51.4,78,25,0,0,6,0,3
4231,3,0,7,14,32.7,75,27,0,0,7,1,4
4231,0,3,0,7,67.3,85,26,0,0,5,0,2
433,2,1,5,11,61.5,84,34,0,0,4,0,4
442,1,2,3,11,38.5,66,26,0,0,8,0,5
4231,3,1,5,20,71.5,84,25,0,0,6,0,7
4231,1,3,0,4,28.5,57,38,0,0,4,0,2
442,3,1,6,16,34.7,80,23,0,0,7,3,3
442,1,3,6,11,65.3,90,13,0,0,7,1,1
442,2,2,5,15,44.8,74,6,0,0,2,1,0
41212,2,2,6,14,55.2,81,11,0,0,4,1,5
442,1,0,3,7,45.9,69,18,0,0,2,0,1
442,0,1,4,14,54.1,72,24,0,0,10,0,4
4231,3,0,6,17,57.3,82,21,0,0,5,0,3
4231,0,3,2,7,42.7,75,11,0,0,4,0,3
4231,3,2,7,14,55.9,76,15,1,0,7,0,6
433,2,3,5,9,44.1,70,16,0,0,6,0,4
4231,1,1,3,15,57.1,73,19,0,0,6,0,5
541,1,1,2,7,42.9,69,23,0,0,2,0,0
4231,2,4,3,11,61.3,74,24,0,0,6,0,2
433,4,2,8,19,38.7,71,18,0,0,5,0,1
442,3,3,5,13,55,66,32,0,0,5,0,4
442,3,3,3,11,45,63,20,0,0,3,0,1
433,1,0,4,19,53,65,23,1,0,12,0,8
4231,0,1,3,12,47,67,15,0,0,2,0,1
41212,2,0,2,13,54,75,37,0,0,6,1,3
352,0,2,1,12,46,65,34,0,0,4,0,3
442,0,3,3,13,38,62,30,0,0,7,0,4
442,3,0,8,15,62,51,34,0,0,4,1,4
433,5,1,6,15,47,75,10,0,0,3,2,1
352,1,5,4,21,53,67,15,0,0,5,0,3
4411,0,1,1,12,50,75,28,0,0,5,0,2
442,1,0,7,22,50,69,28,0,0,7,0,6
442,1,0,4,19,68.6,80,20,0,0,11,0,7
442,0,1,3,7,31.4,62,18,0,0,6,1,5
4231,2,1,7,28,68,77,16,0,0,14,0,10
41212,1,2,2,5,32,60,14,0,0,3,0,1
4231,3,3,4,11,47,63,24,0,0,5,0,4
433,3,3,9,19,53,73,16,0,1,8,0,2
442,0,0,2,11,52.9,61,21,0,0,9,0,4
451,0,0,1,12,47.1,65,9,0,0,1,0,0
4231,3,0,7,13,50,77,13,1,0,2,0,5
433,0,3,5,15,50,68,21,0,0,4,0,2
4231,3,1,4,13,53,84,16,1,0,3,0,3
4231,1,3,1,10,47,83,8,0,0,11,2,4
433,1,2,10,24,53,79,16,0,0,5,0,3
433,2,1,3,7,47,64,17,0,0,3,0,1
433,2,0,10,15,52,83,14,0,0,5,0,3
433,0,2,4,14,48,82,9,0,0,7,0,6
4231,1,1,4,12,49.7,74,24,0,0,3,0,4
433,1,1,3,12,50.3,75,9,0,0,4,0,5
4231,2,0,6,11,73,91,7,0,0,6,0,6
442,0,2,2,10,27,72,20,0,0,5,0,3
4231,1,0,5,13,56,66,26,0,0,8,0,4
433,0,1,3,10,44,58,25,0,0,3,0,4
541,2,0,3,13,52.7,69,18,0,0,8,1,2
442,0,2,1,6,47.3,68,38,0,0,5,0,3
442,4,0,6,12,50.5,83,19,0,0,6,2,3
4231,0,4,2,10,49.5,80,8,0,0,7,0,6
4231,1,1,3,9,57.6,81,23,0,0,6,0,3
433,1,1,3,10,42.4,76,13,0,0,3,0,2
352,1,2,2,12,52.3,77,20,0,0,6,0,3
433,2,1,1,13,47.7,75,15,0,0,5,1,2
352,0,2,0,11,49.6,79,9,0,0,5,0,2
343,2,0,6,12,50.4,80,8,0,0,6,0,2
352,3,3,6,15,57.8,77,18,0,0,4,0,5
352,3,3,7,17,42.2,68,18,0,0,2,2,3
4411,3,0,3,10,41.4,66,31,0,0,1,0,0
4231,0,3,3,16,58.6,80,16,0,0,6,0,2
352,3,1,9,20,52.7,86,8,0,0,8,0,7
352,1,3,2,7,47.3,86,9,0,0,4,0,3
451,1,3,4,13,43.3,72,33,0,0,3,1,5
4231,3,1,4,11,56.7,76,32,0,0,3,0,4
4231,5,0,14,24,72.4,91,13,0,0,12,1,2
4231,0,5,3,9,27.6,75,18,0,0,2,1,3
4231,1,0,4,6,48,83,13,0,0,4,0,4
433,0,1,3,13,52,84,13,0,0,3,0,3
4231,2,0,3,8,41.4,76,10,0,0,6,0,5
41212,0,2,2,22,58.6,84,10,0,0,6,0,8
4231,2,2,3,15,42.8,78,14,0,0,2,1,2
352,2,2,3,7,57.2,78,8,0,0,7,0,2
451,3,1,4,22,51,71,18,0,0,9,0,1
442,1,3,4,17,49,62,32,0,0,5,0,2
352,2,0,5,11,35,69,26,0,0,3,0,3
433,0,2,1,15,65,79,19,0,0,4,1,4
41212,1,1,3,12,39,72,32,0,0,3,0,3
433,1,1,7,16,61,87,9,0,0,7,0,3
433,1,1,3,13,46,64,25,0,0,4,1,3
433,1,1,3,16,54,71,29,0,0,4,1,6
433,3,1,10,26,51,81,50,0,0,8,0,9
433,1,3,3,8,49,75,50,0,0,3,2,1
433,2,0,4,11,29.4,68,10,0,0,0,1,1
433,0,2,8,27,70.6,88,7,0,0,12,0,8
442,0,1,3,24,65.3,82,33,0,0,12,0,8
4231,1,0,6,18,34.7,74,20,0,0,6,3,6
442,3,1,8,13,52.4,83,15,0,0,5,1,1
442,1,3,2,10,47.6,77,21,0,0,2,0,3
343,0,1,4,12,61.6,79,19,0,0,5,0,5
4231,1,0,7,12,38.4,68,13,0,0,5,0,3
4231,1,2,2,7,52,83,15,1,0,5,0,0
433,2,1,7,15,48,811,18,0,0,8,2,4
433,0,3,3,13,46,72,31,0,0,5,0,6
433,3,0,7,11,54,76,12,0,0,10,2,3
433,0,2,6,16,61,82,35,0,0,5,0,5
433,2,0,4,11,39,67,35,0,0,5,0,5
433,1,2,4,15,52,71,15,0,0,5,0,3
433,2,1,5,9,48,76,8,0,0,4,0,1
433,2,2,8,21,60,83,16,0,0,8,0,7
433,2,2,2,8,40,78,14,0,0,2,0,2
433,1,1,4,14,48,64,17,0,0,3,0,8
433,1,1,5,6,52,72,10,0,0,5,0,2
4231,0,2,7,11,48,73,16,0,0,2,1,2
433,2,0,3,15,52,82,10,0,0,7,1,5
41212,1,2,5,12,0,77,6,0,0,11,0,4
433,2,1,3,8,0,73,6,0,0,9,0,4
433,2,1,6,18,65,87,9,0,0,3,0,4
433,1,2,6,14,35,74,14,0,0,3,0,3
4231,1,0,5,13,38.7,72,33,0,0,3,0,7
433,0,1,1,13,61.3,80,19,0,0,3,1,4
442,0,1,3,14,49.8,83,28,0,0,4,0,2
433,1,0,3,12,50.2,83,20,0,0,3,2,2
352,0,0,2,6,55.2,72,34,0,0,4,0,2
4231,0,0,3,9,44.8,67,24,0,0,3,0,2
433,0,0,2,15,69,84,15,0,0,7,0,5
433,0,0,3,8,31,55,20,0,0,3,0,0
433,5,1,12,22,42.7,79,42,0,0,6,3,8
4231,1,5,6,11,57.3,87,58,1,0,6,0,4
4411,3,1,6,10,34,61,19,1,0,4,0,5
4231,1,3,7,17,66,78,19,0,0,7,0,5
433,0,2,1,16,67.8,79,32,0,0,8,0,5
4231,2,0,2,10,32.2,63,16,0,0,10,0,3
4231,3,0,8,18,59,48,6,1,0,6,1,3
4231,0,3,6,12,41,52,15,0,0,5,0,2
451,0,0,2,7,32.4,73,13,0,0,4,0,1
442,0,0,2,15,67.6,87,9,0,0,14,0,4
4231,2,2,5,18,60.4,80,17,0,0,7,1,8
4231,2,2,4,5,39.6,72,24,0,0,4,0,1
433,0,2,3,7,43.8,78,26,0,0,2,0,2
442,2,0,9,25,56.3,85,74,0,0,6,0,6
4231,3,0,6,17,62,87,10,0,0,5,1,2
451,0,3,1,7,38,75,21,0,0,1,0,2
4231,5,0,9,19,53.4,81,18,0,0,9,2,6
4231,0,5,2,9,46.6,75,16,0,0,9,0,1
4231,4,1,6,11,61,79,15,1,0,3,0,2
4231,1,4,5,15,39,68,17,0,0,5,2,6
433,4,2,6,13,61.6,89,7,0,0,6,1,2
442,2,4,3,10,38.4,82,5,0,0,3,0,2
4231,2,0,3,7,38.4,63,11,1,0,2,1,1
4231,0,2,1,12,61.6,79,13,0,0,1,0,3
352,2,0,5,19,49.4,88,8,0,0,11,2,7
4411,0,2,2,11,50.6,85,6,0,0,6,0,3
352,3,0,5,10,50,72,23,0,0,1,0,2
352,0,3,3,9,50,73,16,0,0,6,0,2
4231,3,1,14,27,48,82,4,0,0,5,1,3
4231,1,3,6,8,52,82,10,0,0,0,0,1
4231,3,0,7,17,64.1,88,29,1,0,4,1,4
41212,0,3,2,8,35.9,74,31,0,0,1,0,5
4231,1,5,5,12,45,72,33,0,0,5,0,4
4231,5,1,8,15,55,78,31,0,0,9,1,5
451,0,2,2,9,35.7,71,23,0,0,3,2,2
4231,2,0,6,19,64.3,81,18,0,0,5,0,10
4411,1,1,4,11,47.3,71,23,0,0,3,3,2
4231,1,1,4,18,52.7,76,32,0,0,2,0,7
41212,3,0,7,19,56.6,81,36,0,0,10,0,6
442,0,3,1,10,43.4,77,22,0,0,2,3,4
4231,0,3,3,14,63.4,80,35,0,0,8,0,5
4231,3,0,4,10,36.6,67,40,0,1,3,0,5
433,3,0,5,14,55,88,11,0,0,3,1,0
4231,0,3,1,1,45,80,7,0,0,1,1,0
541,3,1,7,12,46.2,71,18,0,0,5,0,2
4231,1,3,5,7,53.8,76,17,0,0,6,0,4
442,2,1,9,16,49,77,10,0,0,10,1,6
451,1,2,3,7,51,83,7,0,0,4,0,2
4231,1,1,4,12,52.3,77,23,0,0,6,0,3
442,1,1,4,11,47.7,74,23,0,0,3,0,2
433,2,0,12,21,61.2,77,15,0,0,8,1,4
442,0,2,1,5,38.8,69,19,0,0,2,0,1
442,1,2,4,20,60.8,79,13,0,0,3,0,7
451,2,1,4,10,39.2,65,14,0,0,3,0,1
442,1,2,1,11,50,59,24,0,0,7,0,4
442,2,1,5,21,50,64,21,0,0,6,0,6
442,1,1,6,16,52,70,32,0,0,8,0,4
442,1,1,1,5,48,69,10,0,0,6,0,2
4231,2,2,3,14,44,67,26,0,0,6,0,3
4411,2,2,4,14,56,75,24,0,0,10,0,3
41212,2,2,3,10,43,65,10,0,0,2,0,3
433,2,2,8,23,57,72,21,0,0,10,0,9
352,1,0,2,13,48,59,13,0,0,12,0,7
4231,0,1,1,12,52,68,13,0,0,13,0,4
41212,0,2,7,19,66,74,16,0,0,4,0,8
442,2,0,4,13,34,50,20,0,0,3,1,3
4231,3,1,11,22,59,78,17,0,1,10,0,6
4231,1,3,2,7,41,65,7,0,0,3,0,2
442,0,2,2,4,51,67,39,0,0,2,0,0
451,2,0,7,20,49,75,6,1,0,6,4,4
433,1,0,6,17,59,80,17,0,0,8,0,2
442,0,1,2,5,41,68,18,0,0,2,0,0
451,0,0,6,15,52,75,15,0,0,16,0,4
442,0,0,1,5,48,73,21,0,0,3,0,2
442,2,2,3,18,68.1,83,20,0,0,10,0,6
352,2,2,3,9,31.9,65,15,0,0,6,0,4
433,3,2,6,13,55,83,11,0,0,1,1,2
433,2,3,4,15,45,82,8,0,0,4,0,3
433,2,0,4,9,48,71,13,0,0,4,0,3
4231,0,2,3,13,52,78,10,0,0,5,1,2
433,2,1,5,15,44,74,11,0,0,7,1,4
433,1,2,6,14,56,83,20,0,0,7,0,7
433,5,1,12,20,59,82,15,0,1,4,1,3
433,1,5,3,9,41,69,23,0,1,2,0,5
433,1,0,2,8,45.8,77,11,0,0,9,1,4
4231,0,1,3,10,54.2,82,12,0,0,7,0,2
4231,2,2,9,31,75.4,92,20,0,0,10,0,4
4411,2,2,3,6,24.6,60,11,0,0,1,1,0
4231,2,0,7,13,42.3,68,29,0,0,4,2,4
4231,0,2,4,19,57.7,78,18,0,0,6,0,8
4231,2,2,3,13,56.5,62,25,0,0,9,0,4
4231,2,2,4,9,43.5,50,29,0,0,2,0,5
4231,0,0,6,18,67.9,85,13,0,0,7,0,4
442,0,0,0,6,32.1,59,18,0,0,3,0,1
4231,1,4,4,15,36.7,71,48,0,0,6,2,3
433,4,1,5,9,63.3,88,52,0,0,0,2,1
352,1,2,5,19,64.1,89,8,0,0,13,1,6
352,2,1,6,11,35.9,78,12,0,0,1,0,1
4231,1,0,3,10,37,67,14,0,0,14,0,3
41212,0,1,3,14,63,81,14,0,0,14,0,2
433,0,0,2,7,58.5,78,20,0,0,6,0,3
433,0,0,2,19,41.5,72,16,0,0,6,1,5
352,0,1,5,18,53.9,76,15,0,0,10,1,7
343,1,0,2,6,46.1,75,10,0,0,1,0,3
433,2,2,3,11,30.7,73,12,0,0,3,0,6
352,2,2,5,14,69.3,86,10,0,0,9,0,2
4231,0,0,0,3,34.4,64,16,0,0,25,0,0
433,0,0,4,14,65.6,82,3,0,0,20,0,1
352,1,0,7,16,57.9,81,18,0,0,10,1,1
352,0,1,1,3,42.1,76,17,0,0,3,0,2
4231,1,4,1,16,49.2,86,26,0,0,5,0,5
4231,4,1,5,10,50.8,83,16,0,0,2,1,1
4231,2,0,7,16,56,83,26,0,0,5,0,2
442,0,2,1,6,44,78,28,0,0,0,1,2
4411,1,2,3,8,50.9,76,16,0,0,6,0,3
41212,2,1,6,12,49.1,78,9,1,0,4,0,2
442,1,1,3,16,45.3,80,23,0,0,9,0,1
433,1,1,6,13,54.7,86,8,0,0,8,0,6
433,1,1,4,15,55,80,14,0,0,14,0,2
433,1,1,6,10,45,66,10,0,0,4,2,0
433,1,1,5,11,39,72,14,0,0,1,0,0
433,1,1,7,16,61,86,13,0,0,3,0,3
433,5,2,8,12,47,74,8,0,0,4,1,1
442,2,5,6,22,53,76,9,1,0,4,0,4
433,1,3,3,12,48,75,8,1,0,6,0,4
4231,3,1,8,22,52,82,6,1,0,11,1,5
451,0,0,1,14,52.8,73,13,0,0,5,0,5
4231,0,0,1,7,47.2,71,28,0,0,6,0,3
433,1,0,2,9,42,72,20,0,0,10,0,6
442,0,1,3,10,58,78,37,0,0,6,0,3
442,0,0,3,12,45.4,67,37,0,0,7,0,3
442,0,0,6,18,54.6,69,30,0,0,9,0,4
442,0,1,4,12,37.5,64,29,0,0,2,0,4
4231,1,0,7,16,62.5,78,15,0,0,2,0,4
4231,2,0,7,12,48.2,67,14,0,0,5,1,4
4231,0,2,6,13,51.8,71,15,0,0,5,0,3
433,1,1,1,13,40.1,73,15,0,0,5,0,5
4231,1,1,4,15,59.9,84,7,0,0,8,0,3
352,1,3,2,9,59.9,83,6,0,0,3,0,0
4231,3,1,4,9,40.1,70,10,0,0,3,0,2
442,0,3,7,18,49,74,24,0,0,6,0,4
451,3,0,5,11,51,69,14,0,0,3,0,2
433,1,0,2,17,63,74,15,0,0,2,0,5
451,0,1,4,9,37,65,21,0,0,2,0,3
352,0,3,1,16,50,68,22,0,0,6,0,2
442,3,0,5,15,50,75,14,0,0,2,0,0
352,1,0,1,5,51.3,72,14,0,0,4,0,1
4231,0,1,0,4,48.7,78,10,0,0,1,0,2
442,1,1,8,17,50,66,24,0,0,8,0,7
4231,1,1,5,14,50,69,14,0,0,6,0,2
4231,0,1,4,13,52.2,65,19,0,0,11,0,4
4231,1,0,3,8,47.8,69,34,0,0,3,0,0
451,0,2,1,13,38,78,16,0,0,4,0,3
433,2,0,4,7,62,89,9,2,0,2,0,2
433,2,0,5,13,41,72,21,0,0,1,0,3
352,0,2,5,15,59,78,21,0,0,8,0,4
4231,1,1,4,7,35.7,65,28,0,0,2,0,1
4231,1,1,2,14,64.3,82,16,0,0,5,0,3
4231,0,0,5,17,57.4,83,27,0,0,5,0,5
4231,0,0,2,6,42.6,77,22,0,0,5,0,2
4231,0,4,5,13,49.3,74,31,0,0,8,0,5
451,4,0,8,15,50.7,78,14,0,0,6,1,2
4411,2,3,3,10,31.1,62,29,0,0,7,0,2
433,3,2,7,21,68.9,87,4,0,0,5,1,1
433,1,1,6,13,42,73,14,0,0,4,0,0
433,1,1,3,15,58,84,12,0,0,10,0,2
442,1,1,2,5,32,76,5,0,0,2,0,1
433,1,1,8,11,68,92,8,0,0,6,1,1
4231,3,0,7,15,54,83,10,0,0,6,0,3
433,0,3,2,10,46,78,9,0,0,4,0,1
4411,0,5,2,5,25,58,19,0,0,2,0,1
451,5,0,7,16,75,91,24,0,0,6,1,2
4231,0,0,2,11,43.3,75,25,0,1,7,1,2
4231,0,0,3,8,56.7,81,19,0,0,7,0,1
4231,1,0,4,13,69.8,88,12,0,0,8,0,4
352,0,1,4,11,30.2,73,18,0,0,2,0,1
4231,2,0,8,19,38.4,78,33,0,0,4,3,4
442,0,2,3,14,61.6,81,41,0,0,5,0,1
433,3,0,7,19,64.2,89,5,0,0,3,1,3
352,0,3,2,11,35.8,82,8,0,0,6,0,1
433,2,1,8,25,56,84,14,0,0,8,0,6
433,1,2,6,12,44,73,23,0,0,6,1,1
442,3,0,5,13,45.8,75,30,0,0,8,2,5
4231,0,3,0,4,54.2,77,15,0,0,3,0,2
442,1,0,3,13,51.9,70,23,0,0,1,0,5
4231,0,1,3,13,48.1,71,33,0,0,9,0,2
433,6,0,10,21,58.6,87,12,0,0,12,1,2
4231,0,6,4,9,41.4,81,12,0,0,5,0,0
442,0,2,5,17,50,79,11,0,0,8,0,5
451,2,0,2,7,50,79,11,0,0,2,0,3
352,1,2,5,16,57.9,83,16,0,0,9,0,6
352,2,1,4,11,42.1,73,18,0,0,6,0,3
451,4,2,7,13,50.5,63,37,0,0,7,1,6
4231,2,4,8,18,49.5,61,59,0,0,8,0,9
4231,4,0,12,21,49.3,83,20,1,0,6,4,6
433,0,4,1,7,50.7,81,21,0,0,5,0,2
4231,4,0,7,16,68.3,86,9,0,0,2,0,3
442,0,4,0,12,31.7,69,29,0,0,4,2,3
442,1,1,7,15,44.5,71,55,0,0,5,0,2
442,1,1,6,17,55.5,77,20,0,0,10,5,6
4231,4,1,8,14,49.8,68,26,1,0,5,4,1
442,1,4,4,13,50.2,67,25,0,0,4,0,8
433,1,2,5,13,58.5,82,42,0,0,11,1,5
4231,2,1,4,11,41.5,78,30,0,0,2,1,3
532,0,2,2,9,39.6,73,16,0,0,6,1,6
41212,2,0,4,12,60.4,83,15,0,0,3,1,2
442,1,0,5,21,49.1,70,16,0,0,12,0,8
442,0,1,1,15,50.9,75,19,0,0,3,0,4
4231,2,2,4,12,45.9,76,10,0,0,4,0,4
4231,2,2,5,16,54.1,81,22,0,0,12,0,7
4411,1,0,6,9,43,67,15,0,0,4,0,3
442,0,1,6,18,57,72,31,0,0,9,0,5
4231,0,0,2,11,59.8,83,16,0,0,4,1,6
4231,0,0,0,11,40.2,77,25,0,0,3,0,5
442,1,3,4,8,40.2,72,16,0,0,9,0,5
352,3,1,6,14,59.8,82,9,0,0,3,0,2
442,0,0,2,13,55,69,22,0,0,3,0,2
442,0,0,3,10,45,61,26,0,0,3,0,3
442,1,1,6,13,52,62,19,0,0,8,0,4
4231,1,1,1,7,48,60,37,0,0,4,0,3
442,1,2,6,8,55,72,27,0,0,1,0,1
352,2,1,6,12,45,70,17,0,0,3,0,2
4231,1,1,5,22,56,72,23,0,0,10,0,3
4231,1,1,2,10,44,62,25,0,1,2,0,1
442,2,2,6,18,53,72,20,0,0,5,0,7
442,2,2,5,13,47,67,14,0,0,8,0,7
352,1,0,1,5,40.3,70,10,0,0,1,0,0
451,0,1,1,5,59.7,77,6,0,0,1,0,1
4231,2,0,6,17,45,79,8,0,0,6,1,4
433,0,2,1,8,55,85,8,0,0,2,0,0
4231,0,1,4,8,53,82,15,0,0,5,0,0
433,1,0,5,14,47,65,9,0,0,6,0,4
433,1,3,4,12,54,80,10,0,0,4,0,3
433,3,1,7,17,46,78,17,0,0,5,0,9
433,1,1,6,16,57,82,11,0,0,11,0,4
41212,1,1,4,13,43,74,12,0,0,2,0,7
433,1,0,4,13,54,78,19,0,0,4,0,3
532,0,1,6,11,46,72,20,0,0,4,0,3
4231,0,3,1,9,43.9,70,17,0,0,8,2,4
433,3,0,7,16,56.1,80,10,0,0,10,1,4
451,1,2,3,10,54.9,73,36,0,0,5,0,5
4231,2,1,7,14,45.1,63,24,0,0,6,1,6
4231,0,0,2,17,61.4,78,21,0,1,14,1,9
4231,0,0,0,9,38.6,72,24,0,0,1,1,1
433,3,1,8,16,42.2,70,19,0,0,1,1,7
4231,1,3,3,10,57.8,78,9,0,0,1,0,3
4411,0,4,5,14,51.3,83,7,0,0,8,0,6
352,4,0,7,17,48.7,84,15,0,0,4,1,3
343,3,3,6,23,55.4,78,28,0,0,8,0,11
352,3,3,7,10,44.6,67,25,0,0,8,0,3
352,3,1,5,14,64.2,85,8,0,0,7,0,6
352,1,3,2,9,35.8,75,9,0,0,2,0,1
4231,0,1,6,18,59.2,77,34,0,0,6,0,6
451,1,0,2,11,40.8,81,33,0,0,2,0,5
451,1,2,4,13,40.2,71,41,0,0,4,1,5
4231,2,1,3,7,59.8,82,15,0,0,6,0,3
41212,3,1,9,17,60.4,84,11,0,0,7,1,5
532,1,3,2,10,39.6,73,16,0,0,1,2,0
4231,2,2,4,7,28,59,22,1,0,1,0,1
433,2,2,5,10,62,73,28,0,0,3,1,4
4231,1,1,4,16,52.9,78,23,0,0,6,0,4
532,1,1,2,9,47.1,77,11,0,0,4,2,1
442,1,3,6,16,50,70,27,0,0,3,0,4
442,3,1,4,6,50,56,36,0,0,10,0,3
433,3,1,7,18,57,75,13,0,0,5,1,6
433,1,3,1,8,43,77,8,0,0,3,0,2
433,1,0,5,11,46,81,10,0,0,4,0,3
433,0,1,3,17,54,81,10,0,0,11,0,5
433,1,1,7,13,47,72,7,1,0,5,0,7
433,1,1,9,17,53,74,26,0,0,10,0,4
433,3,0,6,12,60,84,8,2,0,7,0,4
433,0,3,0,9,40,71,18,0,0,2,0,3
4231,0,1,6,15,52.6,77,23,0,0,6,0,3
4231,1,0,3,7,47.4,72,22,0,0,2,0,2
433,1,3,4,17,45.7,86,16,1,0,6,0,4
352,3,1,5,15,54.3,87,9,0,0,6,2,1
433,1,1,1,13,48,79,13,0,0,2,2,3
442,1,1,2,13,52,84,17,0,0,5,0,6
4411,0,2,3,9,31.6,81,26,0,0,1,0,2
433,2,0,4,10,68.4,92,5,1,0,4,0,1
433,0,4,2,5,36.1,82,13,0,0,4,0,0
433,4,0,10,12,63.9,92,7,1,0,1,0,1
442,0,0,4,12,51,72,25,0,0,8,0,3
352,0,0,2,10,49,67,22,0,0,5,0,3
4231,2,0,5,13,49,76,16,0,0,6,0,3
442,0,2,2,16,51,81,8,0,0,3,0,4
442,0,1,5,20,46,63,34,0,0,11,0,6
433,1,0,2,10,54,68,29,0,0,2,0,4
41212,0,1,2,13,51.2,82,18,0,0,3,0,5
442,1,0,4,13,48.8,85,10,0,0,6,0,3
4231,0,2,4,8,21.2,69,22,0,1,2,0,2
451,2,0,5,27,78.8,85,16,0,0,9,0,8
451,2,2,6,17,52,77,17,1,0,9,0,8
442,2,2,5,20,48,70,32,0,1,9,0,8
532,0,0,0,11,50,72,22,0,0,3,0,2
4231,0,0,1,16,50,76,18,0,0,1,0,1
4231,1,0,6,19,42,70,11,1,0,6,2,8
433,0,1,4,15,58,82,9,0,0,4,0,3
352,2,0,8,22,49,83,10,0,0,8,0,6
451,0,2,3,11,51,84,9,0,0,5,0,3
4231,0,0,2,10,56,82,12,0,0,7,0,3
433,0,0,3,10,44,76,18,0,0,2,1,3
4411,1,3,5,11,45,82,6,0,0,6,0,4
433,3,1,8,14,55,83,6,1,0,3,0,0
4231,0,2,3,10,47,74,22,0,0,4,0,1
4231,2,0,6,15,53,79,19,0,0,7,0,4
4231,0,1,1,5,46,81,18,0,0,2,0,1
433,1,0,2,5,54,85,11,0,0,7,0,0
433,0,1,3,10,40,61,34,0,0,2,0,5
433,1,0,5,14,60,82,19,0,0,5,0,5
4231,1,1,8,20,63,88,18,0,0,10,0,1
4231,1,1,3,5,37,74,7,1,0,2,0,2
4231,0,0,8,21,65,89,13,0,0,8,0,5
4231,0,0,1,9,35,69,16,0,0,3,0,1
4231,2,2,4,10,50,77,6,0,0,0,1,1
4231,2,2,5,15,50,86,10,0,0,4,0,3
4231,1,1,3,11,53,76,7,0,0,3,0,2
4231,1,1,6,15,47,83,16,0,0,9,0,6
343,0,1,9,17,54,82,9,0,1,8,0,4
4231,1,0,3,9,46,79,10,0,1,2,0,1
433,0,3,1,4,59,78,19,0,0,0,0,1
442,3,0,8,15,41,65,21,1,0,4,0,2
343,0,0,2,9,51,87,7,0,0,4,0,2
541,0,0,2,5,49,79,15,0,0,2,0,1
4231,2,2,7,25,50,83,15,0,0,5,0,8
4231,2,2,6,9,50,75,22,0,0,1,0,5
442,1,1,2,11,67.1,80,15,0,0,4,1,1
4231,1,1,1,3,32.9,61,26,0,0,1,1,2
4231,0,0,4,16,49.9,76,41,0,0,4,1,2
41212,0,0,8,15,50.1,77,47,0,0,9,0,5
41212,3,2,7,18,52.8,77,27,0,0,6,0,9
433,2,3,3,6,47.2,72,24,0,0,2,0,2
433,3,2,3,5,37,70,14,0,0,3,0,2
433,2,3,3,15,63,85,16,0,0,5,0,5
4231,1,0,8,25,46.6,79,21,0,0,8,0,7
4231,0,1,2,8,53.4,78,25,0,0,8,0,2
4231,4,1,9,12,64.8,90,12,0,0,7,1,4
451,1,4,3,7,35.2,83,6,0,0,3,0,3
442,0,4,5,23,56.2,82,22,0,0,9,0,8
532,4,0,6,11,43.8,73,19,0,0,2,1,2
442,1,0,7,19,74.1,89,13,0,0,8,0,3
4231,0,1,2,7,25.9,69,13,0,0,3,0,3
4411,1,1,5,16,63.4,77,26,0,0,8,2,4
4231,1,1,3,7,36.6,65,28,0,0,2,0,1
4231,3,1,5,10,31.5,63,16,0,0,5,0,3
4231,1,3,5,26,68.5,86,9,0,0,11,0,7
4411,0,2,6,15,33.5,74,22,0,0,6,0,4
4231,2,0,5,14,66.5,90,8,1,0,4,1,2
433,3,0,7,16,58,84,14,0,0,9,2,2
433,0,3,2,5,42,77,14,0,0,1,1,1
433,1,1,8,19,76.2,85,14,0,0,5,0,5
4231,1,1,4,6,23.8,48,27,0,0,0,2,2
433,3,1,3,15,35.1,74,28,0,0,2,1,4
433,1,3,3,12,64.9,87,10,0,0,13,0,5
4231,0,0,2,7,44.2,68,28,0,0,5,1,3
4231,0,0,2,14,55.8,73,19,0,0,5,0,5
352,0,1,1,12,39.3,75,22,0,0,5,1,6
433,1,0,2,17,60.7,86,10,0,0,1,0,2
442,2,2,9,13,46.6,75,25,0,0,6,1,5
451,2,2,7,19,53.4,86,25,0,0,5,0,6
4231,1,2,6,15,50.8,67,49,0,0,5,0,5
41212,2,1,4,10,49.2,70,48,0,0,8,0,6
4231,2,1,5,6,52.8,77,35,0,1,3,0,2
433,1,2,6,22,47.2,80,21,0,2,10,0,7
4411,2,4,4,14,49.9,76,24,0,0,2,1,3
4231,4,2,10,18,50.1,74,20,0,0,4,2,3
4231,3,0,6,13,34.9,64,51,0,0,3,1,5
4231,0,3,4,15,65.1,78,35,0,0,6,0,5
4231,3,1,5,9,43.2,75,32,0,1,0,0,5
433,1,3,6,17,56.8,78,35,0,0,4,0,9
41212,1,0,5,12,53,85,8,0,0,2,1,0
442,0,1,3,10,47,83,20,0,0,6,1,0
451,2,2,5,12,61,74,19,1,0,6,0,3
4231,2,2,4,9,39,59,18,0,0,2,1,5
4231,2,0,7,17,54.7,78,20,0,0,3,1,4
532,0,2,1,6,45.3,72,21,0,0,1,0,2
442,1,0,6,20,51.1,69,30,0,0,7,0,4
41212,0,1,0,1,48.9,69,12,0,0,4,0,1
4411,2,1,5,14,61.5,83,18,0,0,5,0,2
4231,1,2,5,6,38.5,69,25,0,0,5,0,1
4231,0,2,3,10,45.1,64,15,0,0,3,0,1
4231,2,0,6,11,54.9,81,10,0,0,5,0,2
442,0,0,3,11,54,67,24,0,0,6,0,3
442,0,0,0,7,46,66,37,0,0,2,0,2
41212,1,2,7,13,57,73,30,0,0,4,1,4
4231,2,1,7,12,43,71,23,0,0,5,0,1
4231,3,1,6,15,47,71,22,0,0,7,0,3
4231,1,3,4,11,53,72,20,0,1,3,0,3
4231,2,0,9,16,51,79,16,0,0,5,0,8
532,0,2,5,12,49,76,28,0,0,6,0,3
433,1,0,2,13,58,77,24,0,0,8,0,5
442,0,1,1,10,42,66,19,0,0,5,1,4
442,3,0,5,15,51,73,22,0,0,4,0,5
442,0,3,1,10,49,72,22,0,0,2,0,5
4231,0,0,3,20,55,79,10,0,0,10,0,6
433,0,0,2,10,45,73,13,0,0,1,0,4
433,1,0,7,16,56.5,81,23,0,0,7,0,3
4231,0,1,3,9,43.5,77,15,0,0,3,1,4
433,1,1,9,19,49,80,14,0,0,7,0,1
433,1,1,10,19,51,76,15,0,0,9,1,7
433,0,2,2,8,41,71,16,0,0,1,0,2
433,2,0,9,16,59,82,8,0,0,6,1,2
